Workbook

Sheet Instructions
A1: MODEL SELECTION — MANUAL SCORING WORKBOOK
A3: Purpose
A4: This workbook supports the Phase A model-feasibility evaluation (15 documents x 5 runs = 75 outputs), per MODEL_SELECTION_PROTOCOL.md. Scoring is performed manually by a bilingual (EN/FR) evaluator comparing each English source document against its French model output.
A6: How to use this workbook
A7: 1. 'Source Documents' tab: confirm the 15 frozen documents are listed (id + file path). Optionally paste each source excerpt for quick reference while scoring.
A8: 2. 'Raw Scores' tab: the 75 rows (15 docs x 5 runs) are pre-generated. Paste each generated French output into the 'Output text (FR)' column, then fill in the four numeric criteria and the critical-error count.
A9: 3. Only YELLOW cells should be edited. Every other cell is a formula and will recalculate automatically — do not overwrite them.
A10: 4. 'Summary' tab: aggregate statistics update automatically as you score. The two threshold parameters at the top (yellow) are project design decisions — set them once, before scoring begins, per §9-10 of the master prompt (do not adjust them retroactively based on results).
A12: Scoring scale (criteria 1-4, per output)
A13: 1 = Unacceptable — output is technically wrong or meaningless.
A14: 2 = Poor — major issues, only partially usable.
A15: 3 = Acceptable — usable but with noticeable weaknesses.
... A32: White / no fill = formula, do not edit

Sheet Source Documents
A1: document_id | B1: file_path (relative to repo root) | C1: source_excerpt_EN (optional, for reference)
A2: doc_01 | B2: data/documents/doc_01.txt
A3: doc_02 | B3: data/documents/doc_02.txt
A4: doc_03 | B4: data/documents/doc_03.txt
A5: doc_04 | B5: data/documents/doc_04.txt
A6: doc_05 | B6: data/documents/doc_05.txt
A7: doc_06 | B7: data/documents/doc_06.txt
A8: doc_07 | B8: data/documents/doc_07.txt
A9: doc_08 | B9: data/documents/doc_08.txt
A10: doc_09 | B10: data/documents/doc_09.txt
A11: doc_10 | B11: data/documents/doc_10.txt
A12: doc_11 | B12: data/documents/doc_11.txt
A13: doc_12 | B13: data/documents/doc_12.txt
... A16: doc_15 | B16: data/documents/doc_15.txt

Sheet Raw Scores
A1: output_id | B1: document_id | C1: run_id | D1: output_text_FR | E1: technical_correctness (1-5) | F1: technical_meaningfulness (1-5) | G1: semantic_preservation (1-5) | H1: terminology_handling (1-5) | I1: critical_errors_count (0+) | J1: notes (not used in calc) | K1: mean_score | L1: result
A2: =B2&"-R"&C2 -> doc_01-R1 | B2: doc_01 | C2: 1 | K2: =IF(COUNT(E2:H2)=4,AVERAGE(E2:H2),"") | L2: =IF(K2="","",IF(AND(K2>=Summary!$B$3,I2<=Summary!$B$4),"PASS","FAIL"))
A3: =B3&"-R"&C3 -> doc_01-R2 | B3: doc_01 | C3: 2 | K3: =IF(COUNT(E3:H3)=4,AVERAGE(E3:H3),"") | L3: =IF(K3="","",IF(AND(K3>=Summary!$B$3,I3<=Summary!$B$4),"PASS","FAIL"))
A4: =B4&"-R"&C4 -> doc_01-R3 | B4: doc_01 | C4: 3 | K4: =IF(COUNT(E4:H4)=4,AVERAGE(E4:H4),"") | L4: =IF(K4="","",IF(AND(K4>=Summary!$B$3,I4<=Summary!$B$4),"PASS","FAIL"))
A5: =B5&"-R"&C5 -> doc_01-R4 | B5: doc_01 | C5: 4 | K5: =IF(COUNT(E5:H5)=4,AVERAGE(E5:H5),"") | L5: =IF(K5="","",IF(AND(K5>=Summary!$B$3,I5<=Summary!$B$4),"PASS","FAIL"))
A6: =B6&"-R"&C6 -> doc_01-R5 | B6: doc_01 | C6: 5 | K6: =IF(COUNT(E6:H6)=4,AVERAGE(E6:H6),"") | L6: =IF(K6="","",IF(AND(K6>=Summary!$B$3,I6<=Summary!$B$4),"PASS","FAIL"))
A7: =B7&"-R"&C7 -> doc_02-R1 | B7: doc_02 | C7: 1 | K7: =IF(COUNT(E7:H7)=4,AVERAGE(E7:H7),"") | L7: =IF(K7="","",IF(AND(K7>=Summary!$B$3,I7<=Summary!$B$4),"PASS","FAIL"))
A8: =B8&"-R"&C8 -> doc_02-R2 | B8: doc_02 | C8: 2 | K8: =IF(COUNT(E8:H8)=4,AVERAGE(E8:H8),"") | L8: =IF(K8="","",IF(AND(K8>=Summary!$B$3,I8<=Summary!$B$4),"PASS","FAIL"))
A9: =B9&"-R"&C9 -> doc_02-R3 | B9: doc_02 | C9: 3 | K9: =IF(COUNT(E9:H9)=4,AVERAGE(E9:H9),"") | L9: =IF(K9="","",IF(AND(K9>=Summary!$B$3,I9<=Summary!$B$4),"PASS","FAIL"))
A10: =B10&"-R"&C10 -> doc_02-R4 | B10: doc_02 | C10: 4 | K10: =IF(COUNT(E10:H10)=4,AVERAGE(E10:H10),"") | L10: =IF(K10="","",IF(AND(K10>=Summary!$B$3,I10<=Summary!$B$4),"PASS","FAIL"))
A11: =B11&"-R"&C11 -> doc_02-R5 | B11: doc_02 | C11: 5 | K11: =IF(COUNT(E11:H11)=4,AVERAGE(E11:H11),"") | L11: =IF(K11="","",IF(AND(K11>=Summary!$B$3,I11<=Summary!$B$4),"PASS","FAIL"))
A12: =B12&"-R"&C12 -> doc_03-R1 | B12: doc_03 | C12: 1 | K12: =IF(COUNT(E12:H12)=4,AVERAGE(E12:H12),"") | L12: =IF(K12="","",IF(AND(K12>=Summary!$B$3,I12<=Summary!$B$4),"PASS","FAIL"))
A13: =B13&"-R"&C13 -> doc_03-R2 | B13: doc_03 | C13: 2 | K13: =IF(COUNT(E13:H13)=4,AVERAGE(E13:H13),"") | L13: =IF(K13="","",IF(AND(K13>=Summary!$B$3,I13<=Summary!$B$4),"PASS","FAIL"))
... A76: =B76&"-R"&C76 -> doc_15-R5 | B76: doc_15 | C76: 5 | K76: =IF(COUNT(E76:H76)=4,AVERAGE(E76:H76),"") | L76: =IF(K76="","",IF(AND(K76>=Summary!$B$3,I76<=Summary!$B$4),"PASS","FAIL"))

Sheet Summary
A1: MODEL SELECTION — SUMMARY
A2: Retention thresholds (set BEFORE scoring begins — see §9-10)
A3: Per-output quality threshold (min mean_score to count as PASS) | B3: 3.5 | C3: Editable. Applies to each output's mean of the 4 criteria (Raw Scores col K).
A4: Max critical errors per output still counted as PASS | B4: 0 | C4: Editable. 0 = any critical error fails that output.
A5: Minimum proportion of outputs that must PASS for model retention | B5: 0.8 | C5: Editable. E.g. 0.8 = at least 80% of the 75 outputs must PASS.
A7: Progress
A8: Outputs scored so far | B8: =COUNT('Raw Scores'!K2:K76) -> 0
A9: Outputs remaining | B9: =75-B8 -> 75
A11: Aggregate results (computed over scored outputs only)
A12: Mean score (all criteria, all scored outputs) | B12: =IF(B8=0,"",AVERAGE('Raw Scores'!K2:K76))
A13: Median score (all criteria, all scored outputs) | B13: =IF(B8=0,"",MEDIAN('Raw Scores'!K2:K76))
A14: Outputs meeting PASS criteria | B14: =COUNTIF('Raw Scores'!L2:L76,"PASS") -> 0
A15: Proportion of scored outputs meeting PASS criteria | B15: =IF(B8=0,"",COUNTIF('Raw Scores'!L2:L76,"PASS")/B8)
A16: Outputs with at least one critical error | B16: =COUNTIF('Raw Scores'!I2:I76,">0") -> 0
A17: Proportion of scored outputs with a critical error | B17: =IF(B8=0,"",COUNTIF('Raw Scores'!I2:I76,">0")/B8)
A19: Model selection decision | B19: =IF(B8<75,"INCOMPLETE",IF(AND(B16>=B5,B18<=1-B5),"MODEL RETAINED","MODEL NOT RETAINED - review")) -> INCOMPLETE
A20: Note: requires all 75 outputs scored (B8=75). Decision compares row 16 (proportion PASS) against the threshold in B5. Adjust the logic here if your retention rule differs — this is a starting formula, not a fixed rule.
A23: Score distribution by criterion
A24: Score | B24: Technical correctness | C24: Technical meaningfulness | D24: Semantic preservation | E24: Terminology handling
A25: 1 | B25: =COUNTIF('Raw Scores'!E2:E76,1) -> 0 | C25: =COUNTIF('Raw Scores'!F2:F76,1) -> 0 | D25: =COUNTIF('Raw Scores'!G2:G76,1) -> 0 | E25: =COUNTIF('Raw Scores'!H2:H76,1) -> 0
A26: 2 | B26: =COUNTIF('Raw Scores'!E2:E76,2) -> 0 | C26: =COUNTIF('Raw Scores'!F2:F76,2) -> 0 | D26: =COUNTIF('Raw Scores'!G2:G76,2) -> 0 | E26: =COUNTIF('Raw Scores'!H2:H76,2) -> 0
A27: 3 | B27: =COUNTIF('Raw Scores'!E2:E76,3) -> 0 | C27: =COUNTIF('Raw Scores'!F2:F76,3) -> 0 | D27: =COUNTIF('Raw Scores'!G2:G76,3) -> 0 | E27: =COUNTIF('Raw Scores'!H2:H76,3) -> 0
A28: 4 | B28: =COUNTIF('Raw Scores'!E2:E76,4) -> 0 | C28: =COUNTIF('Raw Scores'!F2:F76,4) -> 0 | D28: =COUNTIF('Raw Scores'!G2:G76,4) -> 0 | E28: =COUNTIF('Raw Scores'!H2:H76,4) -> 0
A29: 5 | B29: =COUNTIF('Raw Scores'!E2:E76,5) -> 0 | C29: =COUNTIF('Raw Scores'!F2:F76,5) -> 0 | D29: =COUNTIF('Raw Scores'!G2:G76,5) -> 0 | E29: =COUNTIF('Raw Scores'!H2:H76,5) -> 0
A31: Per-document mean (diagnostic — spot a systematically weak document)
A32: document_id | B32: mean_score
A33: doc_01 | B33: =IFERROR(AVERAGEIFS('Raw Scores'!K$2:K$76,'Raw Scores'!B$2:B$76,A33),"")
A34: doc_02 | B34: =IFERROR(AVERAGEIFS('Raw Scores'!K$2:K$76,'Raw Scores'!B$2:B$76,A34),"")
A35: doc_03 | B35: =IFERROR(AVERAGEIFS('Raw Scores'!K$2:K$76,'Raw Scores'!B$2:B$76,A35),"")
A36: doc_04 | B36: =IFERROR(AVERAGEIFS('Raw Scores'!K$2:K$76,'Raw Scores'!B$2:B$76,A36),"")
A37: doc_05 | B37: =IFERROR(AVERAGEIFS('Raw Scores'!K$2:K$76,'Raw Scores'!B$2:B$76,A37),"")
A38: doc_06 | B38: =IFERROR(AVERAGEIFS('Raw Scores'!K$2:K$76,'Raw Scores'!B$2:B$76,A38),"")
A39: doc_07 | B39: =IFERROR(AVERAGEIFS('Raw Scores'!K$2:K$76,'Raw Scores'!B$2:B$76,A39),"")
A40: doc_08 | B40: =IFERROR(AVERAGEIFS('Raw Scores'!K$2:K$76,'Raw Scores'!B$2:B$76,A40),"")
A41: doc_09 | B41: =IFERROR(AVERAGEIFS('Raw Scores'!K$2:K$76,'Raw Scores'!B$2:B$76,A41),"")
A42: doc_10 | B42: =IFERROR(AVERAGEIFS('Raw Scores'!K$2:K$76,'Raw Scores'!B$2:B$76,A42),"")
A43: doc_11 | B43: =IFERROR(AVERAGEIFS('Raw Scores'!K$2:K$76,'Raw Scores'!B$2:B$76,A43),"")
A44: doc_12 | B44: =IFERROR(AVERAGEIFS('Raw Scores'!K$2:K$76,'Raw Scores'!B$2:B$76,A44),"")
... A47: doc_15 | B47: =IFERROR(AVERAGEIFS('Raw Scores'!K$2:K$76,'Raw Scores'!B$2:B$76,A47),"")
